{
    "rmse": 49.27791087292561,
    "mae": 42.8125,
    "r2": -0.08117960526773471
}